Question,Answer
What is Lush Garden Resort?,"Lush Garden Resort is a hospitality property in Chennai offering luxury, comfort, and convenience for an extraordinary stay experience."
Where is Lush Garden Resort located?,"It is located on East Coast Road (ECR), Thiruvidanthai, Chennai, Tamil Nadu – 603112, India."
How is the hospitality experience at Lush Garden Resort described?,The resort offers exceptional hospitality and unmatched relaxation with high user ratings and services tailored for guest comfort.
Does Lush Garden Resort have a swimming pool?,"Yes, the resort features a crystal-clear swimming pool designed for relaxation and fun."
Is parking available at Lush Garden Resort?,"Yes, complimentary on-site parking is available for all guests."
What services are available regarding housekeeping and laundry?,The resort provides daily housekeeping and convenient laundry services for guests.
Are air conditioners available in the villas?,"Yes, all rooms, living halls, and dining spaces have air conditioning with full power backup."
Does Lush Garden Resort provide 24/7 guest assistance?,"Yes, the resort offers a 24/7 front desk to assist guests with needs and inquiries anytime."
What dining option is highlighted on the official site?,"A Pre-order Kitchen is available, offering freshly prepared meals delivered to guest rooms."
How many villas does Lush Garden Resort have?,The resort has 8 villas in total.
What are the specific villa configurations?,There are 6 villas with 3BHK and 2 villas with 4BHK configurations.
What is the total room capacity of the resort?,The resort has a total of 25 guest rooms across all villas.
What features are included in each villa?,"Each villa includes 2 living halls, a dining hall, private garden, private terrace, and private car parking."
What amenities are provided in guest rooms?,"Rooms include king-size beds, spacious wardrobes, study tables, and dressing tables."
What is the bed capacity for rooms?,Rooms feature king-size beds suitable for 2 adults plus a child under 12 years old.
Does Lush Garden Resort have facilities for corporate events or training?,"Yes, the resort has a fully equipped training and conference hall suitable for networking and business events."
Can Lush Garden Resort host social celebrations and gatherings?,"Yes, it offers venues and services for get-togethers, family events, and celebrations."
Is outdoor recreation available at the resort?,"Yes, the property supports outdoor activities like camping, team outings, and guided trekking."
Does the resort support destination weddings?,"Yes, the resort has services for destination weddings, including theme decor and sound systems."
Can the resort host birthday parties or surprise events?,"Yes, the resort offers special attention and end-to-end planning for birthday celebrations and surprise events."
What do guests say about their stay at Lush Garden Resort?,"Guests describe their stay as pleasant, comfortable, and peaceful, with courteous staff."
How can guests contact Lush Garden Resort for bookings?,Guests can contact via phone/WhatsApp at +91 63694 24583 or email info@lushgardenresort.in.
What details are on the Contact page?,"The Contact page lists the address, email, reservation phone number, and WhatsApp contact."
Is Lush Garden Resort ideal for memorable stays?,"Yes, Lush Garden Resort is specifically designed and ideal for memorable stays."
Are villas provided as private units?,"Yes, all villas at Lush Garden Resort are provided as complete private units."
Do villas include private living halls?,"Yes, each villa includes private living halls for the exclusive use of guests."
Do villas include dedicated dining halls?,"Yes, every villa has its own dedicated dining hall."
Do villas include private gardens?,"Yes, each villa includes a private garden area."
Do villas include private terraces?,"Yes, all villas feature private terraces."
Is private car parking available for each villa?,"Yes, private car parking is available specifically for each villa."
Is power backup available for the entire resort?,"Yes, full power backup is available throughout the entire resort."
Are air conditioners supported by power backup?,"Yes, air conditioners have 100% power backup at the resort."
Is swimming pool access included in the villa booking?,"Yes, swimming pool usage is included for one hour with the booking."
Is the swimming pool suitable for leisure activities?,"Yes, the pool is specifically designed for leisure and relaxation."
Is free cricket usage provided for guests?,"Yes, free cricket usage is available for guests for one hour."
Are indoor games included in the stay?,"Yes, various indoor games are available for guests to enjoy."
Is there a children’s play area at the resort?,"Yes, a dedicated children’s play area is available on-site."
Is the resort suitable for corporate day outings?,"Yes, the resort is fully equipped to support corporate day outings."
Does the resort support team-building activities?,"Yes, the resort supports and facilitates team-building and group activities."
Is there a training hall available at the resort?,"Yes, a fully equipped training hall is available for guest use."
Is the training hall suitable for conferences?,"Yes, the training hall is suitable for professional conferences."
Does the resort have an AC banquet hall?,"Yes, the resort features a fully air-conditioned banquet hall."
What is the seating capacity of the banquet hall?,The banquet hall can accommodate approximately 150 to 200 people.
Can weddings be hosted at Lush Garden Resort?,"Yes, the resort is a popular venue for hosting weddings."
Can receptions be conducted at the banquet hall?,"Yes, wedding receptions can be conducted in the AC banquet hall."
Does the resort support destination weddings?,"Yes, destination wedding services are fully supported with customized arrangements."
Are wedding decorations arranged by the resort?,"Yes, the resort can arrange themed wedding decorations."
Is a sound system available for events?,"Yes, sound systems are available for various events and functions."
Are DJ services available at the resort?,"Yes, DJ services are available on a chargeable basis."
Are projectors available for meetings and events?,"Yes, projectors are available for use on a chargeable basis."
Are microphones available for events?,"Yes, microphones for events are available on a chargeable basis."
Are barbeque facilities available at the resort?,"Yes, barbeque facilities are available for guests on a chargeable basis."
Is room service available at Lush Garden Resort?,"Yes, room service is available for guests with a pre-order system."
Does the resort have a pre-order kitchen?,"Yes, the resort operates a dedicated pre-order kitchen for fresh meals."
Are meals freshly prepared at the resort?,"Yes, all meals are freshly prepared upon receiving a pre-order."
Can food be delivered to guest rooms?,"Yes, the resort provides food delivery directly to guest rooms."
Is daily housekeeping provided?,"Yes, daily housekeeping services are provided to maintain cleanliness."
Is laundry service available for guests?,"Yes, professional laundry services are available at the resort."
Is the resort suitable for family get-togethers?,"Yes, the spacious villas make it ideal for family get-togethers."
Is the resort suitable for birthday celebrations?,"Yes, birthday celebrations are commonly hosted and supported at the resort."
Can surprise events be organized at the resort?,"Yes, the resort staff can help organize and host surprise events."
Is the resort suitable for reunions?,"Yes, it is an excellent venue for school, college, or family reunions."
Is the resort suitable for weekend getaways?,"Yes, it is a highly recommended destination for weekend getaways from Chennai."
Is the resort suitable for leisure travelers?,"Yes, the resort is specifically designed to cater to leisure travelers."
Is the resort family-friendly?,"Yes, Lush Garden Resort is a 100% family-friendly property."
Is the resort suitable for large groups?,"Yes, with 25 rooms across 8 villas, it is perfect for large group stays."
Is the resort located on East Coast Road?,"Yes, the resort is conveniently located on the famous East Coast Road (ECR)."
Is the resort located in Thiruvidanthai?,"Yes, the specific location is Thiruvidanthai, Chennai."
Does the resort offer a peaceful environment?,"Yes, the resort is known for its calm and peaceful atmosphere."
Is the resort surrounded by greenery?,"Yes, the property is surrounded by lush greenery as its name suggests."
Does the resort provide 24/7 front desk service?,"Yes, a 24/7 front desk is available for all guest needs."
Is guest assistance available at all times?,"Yes, staff assistance is available round the clock."
Does the resort website include a gallery section?,"Yes, the official website ([www.lushgardenresort.in](https://www.lushgardenresort.in)) includes a gallery."
What does the gallery section showcase?,"The gallery showcases photos of the villas, rooms, swimming pool, and other facilities."
Is parking complimentary for guests?,"Yes, all guests enjoy complimentary parking during their stay."
Does the resort focus on guest comfort?,"Yes, guest comfort and convenience are the primary focus of the resort."
Does the resort provide a luxury stay experience?,"Yes, it offers a high-end luxury stay experience in Chennai."
Is privacy ensured for guests?,"Yes, privacy is a key feature, especially with the private villa setups."
Is the resort suitable for peaceful stays?,"Yes, it is a top choice for those seeking a quiet and peaceful retreat."
Is the resort ideal for relaxation?,"Yes, the entire environment is designed for maximum relaxation."
Can corporate meetings be conducted at the resort?,"Yes, the resort provides the necessary infrastructure for corporate meetings."
Are corporate training programs supported?,"Yes, the training hall is designed specifically to support training programs."
Does the resort support group activities?,"Yes, there is ample space and staff support for various group activities."
Is the resort suitable for company outings?,"Yes, it is a preferred destination for company day outings and retreats."
Can family celebrations be organized at the resort?,"Yes, the resort is well-equipped for all types of family celebrations."
Does the resort offer scenic surroundings?,"Yes, the resort features very scenic and green surroundings."
Is the resort designed for comfort and convenience?,"Yes, all facilities are designed to maximize guest comfort and convenience."
Does the resort offer a premium stay experience?,"Yes, Lush Garden Resort provides a premium hospitality experience."
Is the resort suitable for extended stays?,"Yes, guests are welcome for both short weekend trips and extended stays."
Does the resort provide consistent hospitality services?,"Yes, the resort prides itself on maintaining consistent, high-quality service."
Is the resort well maintained?,"Yes, the villas, rooms, and grounds are meticulously maintained."
Is staff support available throughout the stay?,"Yes, dedicated staff are available from check-in to check-out."
Does the resort aim to enhance guest satisfaction?,"Yes, the resort’s mission is to continually enhance guest satisfaction."
Is the resort suitable for luxury group stays?,"Yes, it is one of the few resorts in ECR offering luxury stays for large groups."
Does the resort offer peaceful villa accommodation?,"Yes, the villa accommodations are specifically noted for their tranquility."
Is the resort recommended for group vacations?,"Yes, it is highly recommended for friends and family group vacations."
Does the resort provide privacy for events?,"Yes, event spaces can be managed to provide privacy for your group."
Is the resort suitable for private celebrations?,"Yes, it is an ideal spot for private parties and intimate celebrations."
Does the resort emphasize quality service?,"Yes, quality service is the cornerstone of the Lush Garden Resort experience."
Is Lush Garden Resort ideal for memorable stays?,"Yes, it is perfectly suited for creating long-lasting, memorable stay experiences."
What is the official website of the resort?,The official website is [www.lushgardenresort.in](https://www.lushgardenresort.in).
Phone number of resort ?,Guests can contact via phone +91 75500 42724
What is email id of this resort ?, info@lushgardenresort.in.  This is the mail of this resort 
How to contact this resort ?,The official website is [www.lushgardenresort.in](https://www.lushgardenresort.in). Or can contact via /phone/WhatsApp at +91 75500 42724/+91 63694 24583  
what is whatsapp number ?,This is the whatsapp no of our resort +91 63694 24583  
What is  Location ?,"Lush Garden Resort , ECR - East Coast Road, Thiruvidanthai, Chennai,Tamil Nadu - 603 112.(https://maps.app.goo.gl/CWrFFToUCVNhAE6LA.)"
,
,
,
